File,HF
245_T_conf1_opt.log,1.7129693243453064
245_T_conf2_opt.log,0.0
245_T_conf3_opt.log,2.287605985347547
