File,HF
245_T_conf1_opt.log,-1908.87995652505015
245_T_conf2_opt.log,-1908.88268631553274
245_T_conf3_opt.log,-1908.87904078320571
