Conformer,SCF,MP2 
molecule-1-psi.log,-115.0892518360003436,-115.5173603906207660
molecule-2-psi.log,-115.0875261434964472,-115.5155577091028931
