File,HF
butanol_01_opt.log,-232.14525269155357
butanol_02_opt.log,-232.14496828919641
butanol_03_opt.log,-232.14500016620872
butanol_04_opt.log,-232.14333671424239
