File,HF
butanol_01_opt.log,0.0
butanol_02_opt.log,0.17846516676907248
butanol_03_opt.log,0.15846204029242975
butanol_04_opt.log,1.2022938687810572
