File,HF
dimer_01_opt.log,0.4834797331940588
dimer_02_opt.log,1.5335942972941468
dimer_03_opt.log,0.0
