File,HF
dimer_01_opt.log,-347.18902729421148
dimer_02_opt.log,-347.18735383006822
dimer_03_opt.log,-347.18979776823898
