File,HF
methanol_1_opt.log,-115.03535414347274
methanol_2_opt.log,-115.03318804620120
